unibo.rivista-statistica,2018-07-09 15:25:51
unibo.scienzaepolitica,2018-07-09 15:25:36
unibo.rpd,2018-07-09 15:25:36
unibo.psicoart,2018-07-09 15:25:33
unibo.musicadocta,2018-07-09 15:25:29
unibo.jfr,2018-07-09 15:25:24
unibo.ipotesidipreistoria,2018-07-09 15:25:22
unibo.intreccidarte,2018-07-09 15:25:25
unibo.in_bo,2018-07-09 15:25:26
unibo.governarelapaura,2018-07-09 15:25:21
unibo.disegnarecon,2018-07-09 15:25:17
unibo.danzaericerca,2018-07-09 15:25:17
unibo.conservationscience,2018-07-09 15:25:42
unibo.confluenze,2018-07-09 15:25:21
unibo.mathematicalanalysis,2018-07-09 15:25:26
unibo.antropologiaeteatro,2018-07-09 15:25:14
unibo.almatourism,2018-07-09 15:25:13
unimi.amonline,2018-07-09 15:26:30
unimi.aristonothos,2018-07-09 15:26:14
unimi.demusica,2018-07-09 15:25:52
unimi.Dike,2018-07-09 15:25:48
unimi.disegni,2018-07-09 15:25:51
unimi.DoctorVirtualis,2018-07-09 15:26:32
unimi.enthymema,2018-07-09 15:26:28
unimi.food-in,2018-07-09 15:25:55
unimi.inkoj,2018-07-09 15:25:57
unimi.itinera,2018-07-09 15:26:12
unimi.promoitals,2018-07-09 15:26:40
unimi.lanx,2018-07-09 15:26:11
unimi.Lebenswelt,2018-07-09 15:26:14
unimi.noema,2018-07-09 15:27:02
unimi.rifanalitica,2018-07-09 15:26:32
unimi.roars,2018-07-09 15:26:43
unimi.statoechiese,2018-07-09 15:27:29
unimi.StudiaAustriaca,2018-07-09 15:26:43
unimi.StudiaTheodisca,2018-07-09 15:26:47
unimi.tintas,2018-07-09 15:27:16
unina.tria,2018-07-09 15:27:38
unina.camerablu,2018-07-09 15:28:01
unina.jop,2018-07-09 15:27:08
unina.Classnorr,2018-07-09 15:26:54
unina.tema,2018-07-09 15:27:50
unina.rm,2018-07-09 15:28:59
cilea.jlis,2018-07-09 15:25:23
unibo.eqa,2018-07-09 15:25:22
unibo.figure,2018-07-09 15:25:21
unimi.carteromanze,2018-07-09 15:25:47
fupress.ah,2018-07-09 15:24:58
fupress.ceset,2018-07-09 15:24:59
fupress.aisthesis,2018-07-09 15:24:58
fupress.adf,2018-07-09 15:24:55
fupress.asf,2018-07-09 15:24:55
fupress.bae,2018-07-09 15:24:56
fupress.cromohs,2018-07-09 15:24:59
fupress.eda,2018-07-09 15:25:01
fupress.formare,2018-07-09 15:25:09
fupress.cdg,2018-07-09 15:24:59
fupress.iris,2018-07-09 15:25:01
fupress.ijae,2018-07-09 15:25:27
fupress.bsfm-jems,2018-07-09 15:24:55
fupress.bsfm-lea,2018-07-09 15:24:59
fupress.mac,2018-07-09 15:25:01
fupress.mes,2018-07-09 15:25:02
fupress.mt,2018-07-09 15:25:02
fupress.pm,2018-07-09 15:25:10
fupress.prometheus,2018-07-09 15:25:07
fupress.rss,2018-07-09 15:25:08
fupress.rief,2018-07-09 15:25:10
fupress.SdT,2018-07-09 15:25:11
fupress.scrineum,2018-07-09 15:25:09
fupress.smp,2018-07-09 15:25:13
fupress.sdd,2018-07-09 15:25:10
fupress.bsfm-sijis,2018-07-09 15:25:02
fupress.ss,2018-07-09 15:25:14
fupress.sf,2018-07-09 15:25:14
fupress.techne,2018-07-09 15:25:17
fupress.tutor,2018-07-09 15:25:12
rifp.rifp,2018-07-09 15:25:14
unina.bolfilos,2018-07-09 15:26:58
unina.rth,2018-07-09 15:27:28
unimi.acme,2018-07-09 15:25:40
unimi.mde,2018-07-09 15:26:31
unimi.peml,2018-07-09 15:26:34
unimi.rdlv,2018-07-09 15:26:31
unimi.rips,2018-07-09 15:27:05
unimi.asgm,2018-07-09 15:25:51
unimi.concorso,2018-07-09 15:25:43
unimi.consonanze,2018-07-09 15:25:43
unimi.cross,2018-07-09 15:26:06
unimi.haf,2018-07-09 15:26:46
unimi.interfaces,2018-07-09 15:26:15
unibo.annalisismondi,2018-07-09 15:25:12
unibo.bibliothecae,2018-07-09 15:25:37
unibo.bolognalawreview,2018-07-09 15:25:16
unibo.ecnp,2018-07-09 15:25:20
unibo.italianmicology,2018-07-09 15:25:24
unibo.labourlaw,2018-07-09 15:25:26
unibo.montesquieu,2018-07-09 15:25:27
unibo.pianob,2018-07-09 15:25:28
unibo.puenteeuropa,2018-07-09 15:25:28
unibo.series,2018-07-09 15:25:33
unibo.ste,2018-07-09 15:25:34
unina.eikonocity,2018-07-09 15:27:29
unina.bdc,2018-07-09 15:27:10
fupress.rsf,2018-07-09 15:25:10
fupress.rea,2018-07-09 15:25:07
fupress.ri-vista,2018-07-09 15:25:08
fupress.ra,2018-07-09 15:25:07
fupress.bsfm-qulso,2018-07-09 15:24:55
fupress.pam,2018-07-09 15:25:06
fupress.drammaturgia,2018-07-09 15:25:00
unibo.hpa,2018-07-09 15:25:23
unibo.umanisticadigitale,2018-07-09 15:25:38
unibo.usabroad,2018-07-09 15:25:35
fupress.ahs,2018-07-09 15:25:06
fupress.cambio,2018-07-09 15:24:59
fupress.ccselap,2018-07-09 15:24:59
fupress.ds,2018-07-09 15:25:03
fupress.fa,2018-07-09 15:25:03
fupress.oi,2018-07-09 15:25:04
unimi.gilgames,2018-07-09 15:25:55
unimi.groundbreaking,2018-07-09 15:26:06
unimi.LCdM,2018-07-09 15:26:18
unimi.schermi,2018-07-09 15:26:41
unimi.SED,2018-07-09 15:26:39
unina.politics,2018-07-09 15:27:12
unina.schola,2018-07-09 15:27:24
unina.upland,2018-07-09 15:27:53
unirc.archistor,2018-07-09 15:27:39
unimi.BEO,2018-07-09 15:25:48
unimi.CRIANDO,2018-07-09 15:25:52
unimi.SSMD,2018-07-09 15:27:04
unimi.lessicodelcomico,2018-07-09 15:26:26
unibo.cinergie,2018-07-09 15:25:38
unibo.cpcl,2018-07-09 15:25:16
unibo.maes,2018-07-09 15:25:36
unibo.zmj,2018-07-09 15:25:37
unina.funes,2018-07-09 15:27:15
unina.sefer,2018-07-09 15:27:57
unina.sigma,2018-07-09 15:27:47
