depositolegale|2018-10-13
imtlucca|2018-10-13
iulm|2018-10-13
liuc|2018-10-13
luiss|2018-10-15
lumsa|2018-10-13
poliba|2018-10-13
polimi|2018-10-13
polito|2018-10-13
roma3|2018-10-15
sissa|2018-10-13
sssup|2018-10-13
uniba|2018-10-13
unibg|2018-10-13
unibo|2018-10-13
unibz|2018-10-13
unica|2018-10-13
unicatt|2018-10-13
unict|2018-10-13
unife|2018-10-13
unifg|2018-10-13
unifi|2018-10-13
unimc|2018-10-13
unime|2018-10-13
unimi|2018-10-13
unimib|2018-10-13
unimol|2018-10-13
unimore|2018-10-15
unina|2018-10-13
uninsubria|2018-10-13
unipa|2018-10-13
unipd|2018-10-13
unipi|2018-10-15
unipr|2018-10-13
uniroma1|2018-10-13
unisa|2018-10-13
unisi|2018-10-13
uniss|2018-10-13
unitn|2018-10-13
units|2018-10-15
uniud|2018-10-13
uniupo|2018-10-13
unive|2018-10-13
univpm|2018-10-13
univr|2018-10-13
